Rank,Headline,Link
1,Level S4 solar radiation event,https://www.swpc.noaa.gov/news/g4-severe-geomagnetic-storm-levels-reached-19-jan-2026
2,Nearly a third of social media research has undisclosed ties to industry,https://www.science.org/content/article/nearly-third-social-media-research-has-undisclosed-ties-industry-preprint-claims
3,Nanolang: A tiny experimental language designed to be targeted by coding LLMs,https://github.com/jordanhubbard/nanolang
4,What came first: the CNAME or the A record?,https://blog.cloudflare.com/cname-a-record-order-dns-standards/
5,The assistant axis: situating and stabilizing the character of LLMs,https://www.anthropic.com/research/assistant-axis
Rank,Headline,Link
1,Level S4 solar radiation event,https://www.swpc.noaa.gov/news/g4-severe-geomagnetic-storm-levels-reached-19-jan-2026
2,Nearly a third of social media research has undisclosed ties to industry,https://www.science.org/content/article/nearly-third-social-media-research-has-undisclosed-ties-industry-preprint-claims
3,Nanolang: A tiny experimental language designed to be targeted by coding LLMs,https://github.com/jordanhubbard/nanolang
4,What came first: the CNAME or the A record?,https://blog.cloudflare.com/cname-a-record-order-dns-standards/
5,"Reticulum, a secure and anonymous mesh networking stack",https://github.com/markqvist/Reticulum
Rank,Headline,Link
1,Level S4 solar radiation event,https://www.swpc.noaa.gov/news/g4-severe-geomagnetic-storm-levels-reached-19-jan-2026
2,Nearly a third of social media research has undisclosed ties to industry,https://www.science.org/content/article/nearly-third-social-media-research-has-undisclosed-ties-industry-preprint-claims
3,Nanolang: A tiny experimental language designed to be targeted by coding LLMs,https://github.com/jordanhubbard/nanolang
4,What came first: the CNAME or the A record?,https://blog.cloudflare.com/cname-a-record-order-dns-standards/
5,"Reticulum, a secure and anonymous mesh networking stack",https://github.com/markqvist/Reticulum
